ARRAY_CODE,INTERNAL_CODE,POPULATION_CODE,Deparment,Status
9967505091_R02C01,Afro_des1,Afro_des,Ica,Admixed
9967505130_R03C01,Afro_des10,Afro_des,Ica,Admixed
9967505130_R04C01,Afro_des11,Afro_des,Ica,Admixed
9967505130_R05C01,Afro_des12,Afro_des,Ica,Admixed
9967505130_R06C01,Afro_des13,Afro_des,Ica,Admixed
9967505130_R07C01,Afro_des14,Afro_des,Ica,Admixed
9902958120_R08C01,Afro_des15,Afro_des,Ica,Admixed
9967505091_R01C01,Afro_des16,Afro_des,Ica,Admixed
202158170029_R03C01,Afro_des17,Afro_des,Ica,Admixed
202158170029_R04C01,Afro_des18,Afro_des,Ica,Admixed
202158170029_R05C01,Afro_des19,Afro_des,Ica,Admixed
9967505091_R03C01,Afro_des2,Afro_des,Ica,Admixed
202158170029_R06C01,Afro_des20,Afro_des,Ica,Admixed
202158170029_R07C01,Afro_des21,Afro_des,Ica,Admixed
202158170029_R08C01,Afro_des22,Afro_des,Ica,Admixed
202158170058_R01C01,Afro_des23,Afro_des,Ica,Admixed
202158170058_R02C01,Afro_des24,Afro_des,Ica,Admixed
202158170058_R03C01,Afro_des25,Afro_des,Ica,Admixed
202158170058_R04C01,Afro_des26,Afro_des,Ica,Admixed
202158170058_R05C01,Afro_des27,Afro_des,Ica,Admixed
202158170058_R06C01,Afro_des28,Afro_des,Ica,Admixed
202158170058_R07C01,Afro_des29,Afro_des,Ica,Admixed
9967505091_R04C01,Afro_des3,Afro_des,Ica,Admixed
202158170058_R08C01,Afro_des30,Afro_des,Ica,Admixed
202158170059_R01C01,Afro_des31,Afro_des,Ica,Admixed
202158170059_R02C01,Afro_des32,Afro_des,Ica,Admixed
202203770001_R03C01,Afro_des33,Afro_des,Ica,Admixed
202203770001_R04C01,Afro_des34,Afro_des,Ica,Admixed
202203770001_R05C01,Afro_des35,Afro_des,Ica,Admixed
202203770001_R06C01,Afro_des36,Afro_des,Ica,Admixed
202203770001_R07C01,Afro_des37,Afro_des,Ica,Admixed
202203770001_R08C01,Afro_des38,Afro_des,Ica,Admixed
202203770002_R01C01,Afro_des39,Afro_des,Ica,Admixed
9967505091_R05C01,Afro_des4,Afro_des,Ica,Admixed
202203770002_R02C01,Afro_des40,Afro_des,Ica,Admixed
202203770002_R03C01,Afro_des41,Afro_des,Ica,Admixed
202203770002_R04C01,Afro_des42,Afro_des,Ica,Admixed
202203770002_R05C01,Afro_des43,Afro_des,Ica,Admixed
202203770002_R06C01,Afro_des44,Afro_des,Ica,Admixed
202203770002_R07C01,Afro_des45,Afro_des,Ica,Admixed
202203770002_R08C01,Afro_des46,Afro_des,Ica,Admixed
202158170013_R01C01,Afro_des47,Afro_des,Ica,Admixed
202158170013_R02C01,Afro_des48,Afro_des,Ica,Admixed
9967505091_R06C01,Afro_des5,Afro_des,Ica,Admixed
9967505091_R07C01,Afro_des6,Afro_des,Ica,Admixed
9967505091_R08C01,Afro_des7,Afro_des,Ica,Admixed
9967505130_R01C01,Afro_des8,Afro_des,Ica,Admixed
9967505130_R02C01,Afro_des9,Afro_des,Ica,Admixed
201236490055_R01C01,Ancash1,Ancash,Ancash,Admixed
201236490020_R02C01,Ancash10,Ancash,Ancash,Admixed
201236490020_R03C01,Ancash11,Ancash,Ancash,Admixed
201236490020_R04C01,Ancash12,Ancash,Ancash,Admixed
201236490020_R05C01,Ancash13,Ancash,Ancash,Admixed
201236490020_R06C01,Ancash14,Ancash,Ancash,Admixed
201236490020_R07C01,Ancash15,Ancash,Ancash,Admixed
201236490020_R08C01,Ancash16,Ancash,Ancash,Admixed
202158170046_R03C01,Ancash17,Ancash,Ancash,Admixed
202158170046_R04C01,Ancash18,Ancash,Ancash,Admixed
202158170046_R05C01,Ancash19,Ancash,Ancash,Admixed
201236490055_R02C01,Ancash2,Ancash,Ancash,Admixed
202158170046_R06C01,Ancash20,Ancash,Ancash,Admixed
202158170046_R07C01,Ancash21,Ancash,Ancash,Admixed
202158170031_R08C01,Ancash22,Ancash,Ancash,Admixed
202114830081_R02C01,Ancash23,Ancash,Ancash,Admixed
202114830081_R03C01,Ancash24,Ancash,Ancash,Admixed
202114830081_R04C01,Ancash25,Ancash,Ancash,Admixed
202114830081_R05C01,Ancash26,Ancash,Ancash,Admixed
202114830081_R06C01,Ancash27,Ancash,Ancash,Admixed
202114830081_R07C01,Ancash28,Ancash,Ancash,Admixed
202114830081_R08C01,Ancash29,Ancash,Ancash,Admixed
201236490055_R03C01,Ancash3,Ancash,Ancash,Admixed
202158170023_R01C01,Ancash30,Ancash,Ancash,Admixed
202158170023_R02C01,Ancash31,Ancash,Ancash,Admixed
202158170023_R03C01,Ancash32,Ancash,Ancash,Admixed
202158170023_R04C01,Ancash33,Ancash,Ancash,Admixed
202158170023_R05C01,Ancash34,Ancash,Ancash,Admixed
202158170023_R06C01,Ancash35,Ancash,Ancash,Admixed
202158170023_R07C01,Ancash36,Ancash,Ancash,Admixed
201236490055_R04C01,Ancash4,Ancash,Ancash,Admixed
201236490055_R05C01,Ancash5,Ancash,Ancash,Admixed
201236490055_R06C01,Ancash6,Ancash,Ancash,Admixed
201236490055_R07C01,Ancash7,Ancash,Ancash,Admixed
201236490055_R08C01,Ancash8,Ancash,Ancash,Admixed
201236490020_R01C01,Ancash9,Ancash,Ancash,Admixed
201233790041_R01C01,Arequipa1,Arequipa,Arequipa,Admixed
201233790022_R02C01,Arequipa10,Arequipa,Arequipa,Admixed
201233790022_R03C01,Arequipa11,Arequipa,Arequipa,Admixed
201233790022_R04C01,Arequipa12,Arequipa,Arequipa,Admixed
201233790022_R05C01,Arequipa13,Arequipa,Arequipa,Admixed
201233790022_R06C01,Arequipa14,Arequipa,Arequipa,Admixed
201233790022_R07C01,Arequipa15,Arequipa,Arequipa,Admixed
201233790022_R08C01,Arequipa16,Arequipa,Arequipa,Admixed
202158170048_R01C01,Arequipa17,Arequipa,Arequipa,Admixed
202158170048_R02C01,Arequipa18,Arequipa,Arequipa,Admixed
202158170048_R03C01,Arequipa19,Arequipa,Arequipa,Admixed
201233790041_R02C01,Arequipa2,Arequipa,Arequipa,Admixed
202203770030_R06C01,Arequipa20,Arequipa,Arequipa,Admixed
202203770030_R07C01,Arequipa21,Arequipa,Arequipa,Admixed
202158170046_R08C01,Arequipa22,Arequipa,Arequipa,Admixed
202158170023_R08C01,Arequipa23,Arequipa,Arequipa,Admixed
202158170015_R01C01,Arequipa24,Arequipa,Arequipa,Admixed
202158170015_R02C01,Arequipa25,Arequipa,Arequipa,Admixed
202158170015_R03C01,Arequipa26,Arequipa,Arequipa,Admixed
202158170015_R04C01,Arequipa27,Arequipa,Arequipa,Admixed
202158170015_R05C01,Arequipa28,Arequipa,Arequipa,Admixed
202158170015_R06C01,Arequipa29,Arequipa,Arequipa,Admixed
201233790041_R03C01,Arequipa3,Arequipa,Arequipa,Admixed
202158170015_R07C01,Arequipa30,Arequipa,Arequipa,Admixed
202158170015_R08C01,Arequipa31,Arequipa,Arequipa,Admixed
202158170056_R01C01,Arequipa32,Arequipa,Arequipa,Admixed
202158170056_R02C01,Arequipa33,Arequipa,Arequipa,Admixed
202158170056_R03C01,Arequipa34,Arequipa,Arequipa,Admixed
202158170056_R04C01,Arequipa35,Arequipa,Arequipa,Admixed
202158170056_R05C01,Arequipa36,Arequipa,Arequipa,Admixed
201233790041_R04C01,Arequipa4,Arequipa,Arequipa,Admixed
201233790041_R05C01,Arequipa5,Arequipa,Arequipa,Admixed
201233790041_R06C01,Arequipa6,Arequipa,Arequipa,Admixed
201233790041_R07C01,Arequipa7,Arequipa,Arequipa,Admixed
201233790041_R08C01,Arequipa8,Arequipa,Arequipa,Admixed
201233790022_R01C01,Arequipa9,Arequipa,Arequipa,Admixed
202158170013_R03C01,Ashaninka_ins1,Ashaninka_ins,Ucayali,Native American
201233790026_R01C01,Awajun1,Awajun,Amazonas,Native American
201233790025_R02C01,Awajun10,Awajun,Amazonas,Native American
201233790025_R03C01,Awajun11,Awajun,Amazonas,Native American
201233790025_R04C01,Awajun12,Awajun,Amazonas,Native American
201233790025_R05C01,Awajun13,Awajun,Amazonas,Native American
201233790025_R06C01,Awajun14,Awajun,Amazonas,Native American
201233790025_R07C01,Awajun15,Awajun,Amazonas,Native American
201233790025_R08C01,Awajun16,Awajun,Amazonas,Native American
202114830055_R01C01,Awajun17,Awajun,Amazonas,Native American
202114830055_R02C01,Awajun18,Awajun,Amazonas,Native American
202114830055_R03C01,Awajun19,Awajun,Amazonas,Native American
201233790026_R02C01,Awajun2,Awajun,Amazonas,Native American
202114830055_R04C01,Awajun20,Awajun,Amazonas,Native American
202114830055_R05C01,Awajun21,Awajun,Amazonas,Native American
202114830055_R06C01,Awajun22,Awajun,Amazonas,Native American
202114830055_R07C01,Awajun23,Awajun,Amazonas,Native American
202114830055_R08C01,Awajun24,Awajun,Amazonas,Native American
202114830081_R01C01,Awajun25,Awajun,Amazonas,Native American
201233790026_R03C01,Awajun3,Awajun,Amazonas,Native American
201233790026_R04C01,Awajun4,Awajun,Amazonas,Native American
201233790026_R05C01,Awajun5,Awajun,Amazonas,Native American
201233790026_R06C01,Awajun6,Awajun,Amazonas,Native American
201233790026_R07C01,Awajun7,Awajun,Amazonas,Native American
201233790026_R08C01,Awajun8,Awajun,Amazonas,Native American
201233790025_R01C01,Awajun9,Awajun,Amazonas,Native American
201131610038_R01C01,Ayacucho1,Ayacucho,Ayacucho,Admixed
201125410042_R02C01,Ayacucho10,Ayacucho,Ayacucho,Admixed
201125410042_R03C01,Ayacucho11,Ayacucho,Ayacucho,Admixed
201125410042_R04C01,Ayacucho12,Ayacucho,Ayacucho,Admixed
201125410042_R05C01,Ayacucho13,Ayacucho,Ayacucho,Admixed
201125410042_R06C01,Ayacucho14,Ayacucho,Ayacucho,Admixed
201125410042_R07C01,Ayacucho15,Ayacucho,Ayacucho,Admixed
201125410042_R08C01,Ayacucho16,Ayacucho,Ayacucho,Admixed
202158170048_R04C01,Ayacucho17,Ayacucho,Ayacucho,Admixed
202158170048_R05C01,Ayacucho18,Ayacucho,Ayacucho,Admixed
202158170048_R06C01,Ayacucho19,Ayacucho,Ayacucho,Admixed
201131610038_R02C01,Ayacucho2,Ayacucho,Ayacucho,Admixed
202158170048_R07C01,Ayacucho20,Ayacucho,Ayacucho,Admixed
202203770030_R08C01,Ayacucho21,Ayacucho,Ayacucho,Admixed
202203770025_R01C01,Ayacucho22,Ayacucho,Ayacucho,Admixed
202158170039_R01C01,Ayacucho23,Ayacucho,Ayacucho,Admixed
202158170039_R02C01,Ayacucho24,Ayacucho,Ayacucho,Admixed
202158170039_R03C01,Ayacucho25,Ayacucho,Ayacucho,Admixed
202158170056_R06C01,Ayacucho26,Ayacucho,Ayacucho,Admixed
202158170056_R07C01,Ayacucho27,Ayacucho,Ayacucho,Admixed
202158170056_R08C01,Ayacucho28,Ayacucho,Ayacucho,Admixed
202158170035_R01C01,Ayacucho29,Ayacucho,Ayacucho,Admixed
201131610038_R03C01,Ayacucho3,Ayacucho,Ayacucho,Admixed
202158170035_R02C01,Ayacucho30,Ayacucho,Ayacucho,Admixed
202158170035_R03C01,Ayacucho31,Ayacucho,Ayacucho,Admixed
202158170035_R04C01,Ayacucho32,Ayacucho,Ayacucho,Admixed
202158170035_R05C01,Ayacucho33,Ayacucho,Ayacucho,Admixed
202158170035_R06C01,Ayacucho34,Ayacucho,Ayacucho,Admixed
202158170035_R07C01,Ayacucho35,Ayacucho,Ayacucho,Admixed
202158170035_R08C01,Ayacucho36,Ayacucho,Ayacucho,Admixed
201131610038_R04C01,Ayacucho4,Ayacucho,Ayacucho,Admixed
201131610038_R05C01,Ayacucho5,Ayacucho,Ayacucho,Admixed
201131610038_R06C01,Ayacucho6,Ayacucho,Ayacucho,Admixed
201131610038_R07C01,Ayacucho7,Ayacucho,Ayacucho,Admixed
201131610038_R08C01,Ayacucho8,Ayacucho,Ayacucho,Admixed
201125410042_R01C01,Ayacucho9,Ayacucho,Ayacucho,Admixed
202203770025_R04C01,Candoshi1,Candoshi,Loreto,Native American
202203770010_R04C01,Candoshi10,Candoshi,Loreto,Native American
202203770010_R05C01,Candoshi11,Candoshi,Loreto,Native American
202203770010_R06C01,Candoshi12,Candoshi,Loreto,Native American
202203770010_R07C01,Candoshi13,Candoshi,Loreto,Native American
202203770010_R08C01,Candoshi14,Candoshi,Loreto,Native American
202203770031_R01C01,Candoshi15,Candoshi,Loreto,Native American
202203770031_R02C01,Candoshi16,Candoshi,Loreto,Native American
202203770031_R03C01,Candoshi17,Candoshi,Loreto,Native American
202158170047_R04C01,Candoshi2,Candoshi,Loreto,Native American
202158170047_R05C01,Candoshi3,Candoshi,Loreto,Native American
202158170047_R06C01,Candoshi4,Candoshi,Loreto,Native American
202158170047_R07C01,Candoshi5,Candoshi,Loreto,Native American
202158170047_R08C01,Candoshi6,Candoshi,Loreto,Native American
202203770010_R01C01,Candoshi7,Candoshi,Loreto,Native American
202203770010_R02C01,Candoshi8,Candoshi,Loreto,Native American
202203770010_R03C01,Candoshi9,Candoshi,Loreto,Native American
201236490068_R01C01,Chachapoyas1,Chachapoyas,Amazonas,Native American
201236490026_R02C01,Chachapoyas10,Chachapoyas,Amazonas,Native American
201236490026_R03C01,Chachapoyas11,Chachapoyas,Amazonas,Native American
201236490026_R04C01,Chachapoyas12,Chachapoyas,Amazonas,Native American
201236490026_R05C01,Chachapoyas13,Chachapoyas,Amazonas,Native American
201236490026_R06C01,Chachapoyas14,Chachapoyas,Amazonas,Native American
201236490026_R07C01,Chachapoyas15,Chachapoyas,Amazonas,Native American
201236490026_R08C01,Chachapoyas16,Chachapoyas,Amazonas,Native American
202203770027_R01C01,Chachapoyas17,Chachapoyas,Amazonas,Native American
202203770027_R02C01,Chachapoyas18,Chachapoyas,Amazonas,Native American
202203770027_R03C01,Chachapoyas19,Chachapoyas,Amazonas,Native American
201236490068_R02C01,Chachapoyas2,Chachapoyas,Amazonas,Native American
202203770027_R04C01,Chachapoyas20,Chachapoyas,Amazonas,Native American
202203770027_R05C01,Chachapoyas21,Chachapoyas,Amazonas,Native American
202203770027_R06C01,Chachapoyas22,Chachapoyas,Amazonas,Native American
202203770027_R07C01,Chachapoyas23,Chachapoyas,Amazonas,Native American
202203770027_R08C01,Chachapoyas24,Chachapoyas,Amazonas,Native American
202158170046_R01C01,Chachapoyas25,Chachapoyas,Amazonas,Native American
202158170046_R02C01,Chachapoyas26,Chachapoyas,Amazonas,Native American
202203770011_R05C01,Chachapoyas27,Chachapoyas,Amazonas,Native American
202203770011_R06C01,Chachapoyas28,Chachapoyas,Amazonas,Native American
202203770011_R07C01,Chachapoyas29,Chachapoyas,Amazonas,Native American
201236490068_R03C01,Chachapoyas3,Chachapoyas,Amazonas,Native American
202203770011_R08C01,Chachapoyas30,Chachapoyas,Amazonas,Native American
201233790009_R01C01,Chachapoyas31,Chachapoyas,Amazonas,Native American
201233790009_R02C01,Chachapoyas32,Chachapoyas,Amazonas,Native American
201233790009_R03C01,Chachapoyas33,Chachapoyas,Amazonas,Native American
201233790009_R04C01,Chachapoyas34,Chachapoyas,Amazonas,Native American
201233790009_R05C01,Chachapoyas35,Chachapoyas,Amazonas,Native American
201233790009_R06C01,Chachapoyas36,Chachapoyas,Amazonas,Native American
201233790009_R07C01,Chachapoyas37,Chachapoyas,Amazonas,Native American
201233790009_R08C01,Chachapoyas38,Chachapoyas,Amazonas,Native American
201233790019_R01C01,Chachapoyas39,Chachapoyas,Amazonas,Native American
201236490068_R04C01,Chachapoyas4,Chachapoyas,Amazonas,Native American
201233790019_R02C01,Chachapoyas40,Chachapoyas,Amazonas,Native American
201233790019_R03C01,Chachapoyas41,Chachapoyas,Amazonas,Native American
201233790019_R04C01,Chachapoyas42,Chachapoyas,Amazonas,Native American
201233790019_R05C01,Chachapoyas43,Chachapoyas,Amazonas,Native American
201233790019_R06C01,Chachapoyas44,Chachapoyas,Amazonas,Native American
201233790019_R07C01,Chachapoyas45,Chachapoyas,Amazonas,Native American
201233790019_R08C01,Chachapoyas46,Chachapoyas,Amazonas,Native American
201236490068_R05C01,Chachapoyas5,Chachapoyas,Amazonas,Native American
201236490068_R06C01,Chachapoyas6,Chachapoyas,Amazonas,Native American
201236490068_R07C01,Chachapoyas7,Chachapoyas,Amazonas,Native American
201236490068_R08C01,Chachapoyas8,Chachapoyas,Amazonas,Native American
201236490026_R01C01,Chachapoyas9,Chachapoyas,Amazonas,Native American
9967505130_R08C01,Chopccas1,Chopccas,Huancavelica,Native American
9721593001_R01C01,Chopccas10,Chopccas,Huancavelica,Native American
9721593001_R02C01,Chopccas11,Chopccas,Huancavelica,Native American
9721593001_R03C01,Chopccas12,Chopccas,Huancavelica,Native American
9721593001_R04C01,Chopccas13,Chopccas,Huancavelica,Native American
9721593001_R05C01,Chopccas14,Chopccas,Huancavelica,Native American
9721593001_R06C01,Chopccas15,Chopccas,Huancavelica,Native American
9721593001_R07C01,Chopccas16,Chopccas,Huancavelica,Native American
202158170010_R08C01,Chopccas17,Chopccas,Huancavelica,Native American
202158170029_R01C01,Chopccas18,Chopccas,Huancavelica,Native American
202158170029_R02C01,Chopccas19,Chopccas,Huancavelica,Native American
9967505132_R04C01,Chopccas2,Chopccas,Huancavelica,Native American
9761326044_R01C01,Chopccas3,Chopccas,Huancavelica,Native American
9761326044_R02C01,Chopccas4,Chopccas,Huancavelica,Native American
9761326044_R03C01,Chopccas5,Chopccas,Huancavelica,Native American
9761326044_R04C01,Chopccas6,Chopccas,Huancavelica,Native American
9761326044_R05C01,Chopccas7,Chopccas,Huancavelica,Native American
9761326044_R06C01,Chopccas8,Chopccas,Huancavelica,Native American
9761326044_R07C01,Chopccas9,Chopccas,Huancavelica,Native American
9612640041_R01C01,Cusco1,Cusco,Cusco,Admixed
9612640042_R02C01,Cusco10,Cusco,Cusco,Admixed
9612640042_R03C01,Cusco11,Cusco,Cusco,Admixed
9612640042_R04C01,Cusco12,Cusco,Cusco,Admixed
9612640042_R05C01,Cusco13,Cusco,Cusco,Admixed
9612640042_R06C01,Cusco14,Cusco,Cusco,Admixed
9612640042_R07C01,Cusco15,Cusco,Cusco,Admixed
9612640042_R08C01,Cusco16,Cusco,Cusco,Admixed
202158170048_R08C01,Cusco17,Cusco,Cusco,Admixed
202158170010_R01C01,Cusco18,Cusco,Cusco,Admixed
202158170010_R02C01,Cusco19,Cusco,Cusco,Admixed
9612640041_R02C01,Cusco2,Cusco,Cusco,Admixed
202158170010_R03C01,Cusco20,Cusco,Cusco,Admixed
202158170010_R04C01,Cusco21,Cusco,Cusco,Admixed
202158170010_R05C01,Cusco22,Cusco,Cusco,Admixed
202158170010_R06C01,Cusco23,Cusco,Cusco,Admixed
202158170010_R07C01,Cusco24,Cusco,Cusco,Admixed
202203770025_R02C01,Cusco25,Cusco,Cusco,Admixed
202158170039_R05C01,Cusco26,Cusco,Cusco,Admixed
202158170039_R06C01,Cusco27,Cusco,Cusco,Admixed
202158170039_R07C01,Cusco28,Cusco,Cusco,Admixed
202158170039_R08C01,Cusco29,Cusco,Cusco,Admixed
9612640041_R03C01,Cusco3,Cusco,Cusco,Admixed
202158170036_R01C01,Cusco30,Cusco,Cusco,Admixed
202158170036_R02C01,Cusco31,Cusco,Cusco,Admixed
202158170036_R03C01,Cusco32,Cusco,Cusco,Admixed
202158170036_R04C01,Cusco33,Cusco,Cusco,Admixed
202158170036_R05C01,Cusco34,Cusco,Cusco,Admixed
202158170036_R06C01,Cusco35,Cusco,Cusco,Admixed
202158170036_R07C01,Cusco36,Cusco,Cusco,Admixed
202158170036_R08C01,Cusco37,Cusco,Cusco,Admixed
202203770001_R01C01,Cusco38,Cusco,Cusco,Admixed
202203770001_R02C01,Cusco39,Cusco,Cusco,Admixed
9612640041_R04C01,Cusco4,Cusco,Cusco,Admixed
9612640041_R05C01,Cusco5,Cusco,Cusco,Admixed
9612640041_R06C01,Cusco6,Cusco,Cusco,Admixed
9612640041_R07C01,Cusco7,Cusco,Cusco,Admixed
9612640041_R08C01,Cusco8,Cusco,Cusco,Admixed
9612640042_R01C01,Cusco9,Cusco,Cusco,Admixed
9902958120_R05C01,Iquitos1,Iquitos,Loreto,Admixed
9684364037_R02C01,Iquitos10,Iquitos,Loreto,Admixed
9684364037_R03C01,Iquitos11,Iquitos,Loreto,Admixed
9684364037_R04C01,Iquitos12,Iquitos,Loreto,Admixed
9684364037_R05C01,Iquitos13,Iquitos,Loreto,Admixed
9684364037_R06C01,Iquitos14,Iquitos,Loreto,Admixed
9684364037_R07C01,Iquitos15,Iquitos,Loreto,Admixed
9684364037_R08C01,Iquitos16,Iquitos,Loreto,Admixed
202203770025_R07C01,Iquitos17,Iquitos,Loreto,Admixed
202203770005_R06C01,Iquitos18,Iquitos,Loreto,Admixed
202203770005_R07C01,Iquitos19,Iquitos,Loreto,Admixed
9902958120_R06C01,Iquitos2,Iquitos,Loreto,Admixed
202203770005_R08C01,Iquitos20,Iquitos,Loreto,Admixed
202158170022_R01C01,Iquitos21,Iquitos,Loreto,Admixed
202158170022_R02C01,Iquitos22,Iquitos,Loreto,Admixed
202158170022_R03C01,Iquitos23,Iquitos,Loreto,Admixed
202158170022_R04C01,Iquitos24,Iquitos,Loreto,Admixed
202158170022_R05C01,Iquitos25,Iquitos,Loreto,Admixed
202158170022_R06C01,Iquitos26,Iquitos,Loreto,Admixed
202158170022_R07C01,Iquitos27,Iquitos,Loreto,Admixed
202158170022_R08C01,Iquitos28,Iquitos,Loreto,Admixed
202158170047_R01C01,Iquitos29,Iquitos,Loreto,Admixed
9684364036_R03C01,Iquitos3,Iquitos,Loreto,Admixed
202158170047_R02C01,Iquitos30,Iquitos,Loreto,Admixed
202158170047_R03C01,Iquitos31,Iquitos,Loreto,Admixed
9684364036_R04C01,Iquitos4,Iquitos,Loreto,Admixed
9684364036_R05C01,Iquitos5,Iquitos,Loreto,Admixed
9684364036_R06C01,Iquitos6,Iquitos,Loreto,Admixed
9684364036_R07C01,Iquitos7,Iquitos,Loreto,Admixed
9684364036_R08C01,Iquitos8,Iquitos,Loreto,Admixed
9684364037_R01C01,Iquitos9,Iquitos,Loreto,Admixed
202203770025_R06C01,Jacarus1,Jacarus,Lima,Native American
202203770004_R02C01,Jacarus10,Jacarus,Lima,Native American
202203770004_R03C01,Jacarus11,Jacarus,Lima,Native American
202203770004_R04C01,Jacarus12,Jacarus,Lima,Native American
202203770004_R05C01,Jacarus13,Jacarus,Lima,Native American
202203770004_R06C01,Jacarus14,Jacarus,Lima,Native American
202203770004_R07C01,Jacarus15,Jacarus,Lima,Native American
202203770004_R08C01,Jacarus16,Jacarus,Lima,Native American
202203770005_R01C01,Jacarus17,Jacarus,Lima,Native American
202203770005_R02C01,Jacarus18,Jacarus,Lima,Native American
202203770005_R03C01,Jacarus19,Jacarus,Lima,Native American
202203770006_R02C01,Jacarus2,Jacarus,Lima,Native American
202203770005_R04C01,Jacarus20,Jacarus,Lima,Native American
202203770005_R05C01,Jacarus21,Jacarus,Lima,Native American
202203770006_R03C01,Jacarus3,Jacarus,Lima,Native American
202203770006_R04C01,Jacarus4,Jacarus,Lima,Native American
202203770006_R05C01,Jacarus5,Jacarus,Lima,Native American
202203770006_R06C01,Jacarus6,Jacarus,Lima,Native American
202203770006_R07C01,Jacarus7,Jacarus,Lima,Native American
202203770006_R08C01,Jacarus8,Jacarus,Lima,Native American
202203770004_R01C01,Jacarus9,Jacarus,Lima,Native American
201233790007_R01C01,Lamas1,Lamas,San Martin,Native American
201233790010_R02C01,Lamas10,Lamas,San Martin,Native American
201233790010_R03C01,Lamas11,Lamas,San Martin,Native American
201233790010_R04C01,Lamas12,Lamas,San Martin,Native American
201233790010_R05C01,Lamas13,Lamas,San Martin,Native American
201233790010_R06C01,Lamas14,Lamas,San Martin,Native American
201233790010_R07C01,Lamas15,Lamas,San Martin,Native American
201233790010_R08C01,Lamas16,Lamas,San Martin,Native American
202158170011_R04C01,Lamas17,Lamas,San Martin,Native American
202158170011_R05C01,Lamas18,Lamas,San Martin,Native American
202158170011_R06C01,Lamas19,Lamas,San Martin,Native American
201233790007_R02C01,Lamas2,Lamas,San Martin,Native American
202158170011_R07C01,Lamas20,Lamas,San Martin,Native American
202158170011_R08C01,Lamas21,Lamas,San Martin,Native American
202158170028_R01C01,Lamas22,Lamas,San Martin,Native American
201233790007_R03C01,Lamas3,Lamas,San Martin,Native American
201233790007_R04C01,Lamas4,Lamas,San Martin,Native American
201233790007_R05C01,Lamas5,Lamas,San Martin,Native American
201233790007_R06C01,Lamas6,Lamas,San Martin,Native American
201233790007_R07C01,Lamas7,Lamas,San Martin,Native American
201233790007_R08C01,Lamas8,Lamas,San Martin,Native American
201233790010_R01C01,Lamas9,Lamas,San Martin,Native American
202158170034_R02C01,Lambayeque1,Lambayeque,Lambayeque,Admixed
202158170041_R03C01,Lambayeque10,Lambayeque,Lambayeque,Admixed
202158170041_R04C01,Lambayeque11,Lambayeque,Lambayeque,Admixed
202158170041_R05C01,Lambayeque12,Lambayeque,Lambayeque,Admixed
202158170034_R03C01,Lambayeque2,Lambayeque,Lambayeque,Admixed
202158170034_R04C01,Lambayeque3,Lambayeque,Lambayeque,Admixed
202158170034_R05C01,Lambayeque4,Lambayeque,Lambayeque,Admixed
202158170034_R06C01,Lambayeque5,Lambayeque,Lambayeque,Admixed
202158170034_R07C01,Lambayeque6,Lambayeque,Lambayeque,Admixed
202158170034_R08C01,Lambayeque7,Lambayeque,Lambayeque,Admixed
202158170041_R01C01,Lambayeque8,Lambayeque,Lambayeque,Admixed
202158170041_R02C01,Lambayeque9,Lambayeque,Lambayeque,Admixed
9967505046_R01C01,Lima1,Lima,Lima,Admixed
9967505040_R02C01,Lima10,Lima,Lima,Admixed
9967505040_R03C01,Lima11,Lima,Lima,Admixed
9967505040_R04C01,Lima12,Lima,Lima,Admixed
9967505040_R05C01,Lima13,Lima,Lima,Admixed
9967505040_R06C01,Lima14,Lima,Lima,Admixed
9967505040_R07C01,Lima15,Lima,Lima,Admixed
9967505040_R08C01,Lima16,Lima,Lima,Admixed
202203770025_R08C01,Lima17,Lima,Lima,Admixed
202158170041_R06C01,Lima18,Lima,Lima,Admixed
202158170041_R07C01,Lima19,Lima,Lima,Admixed
9967505046_R02C01,Lima2,Lima,Lima,Admixed
202158170041_R08C01,Lima20,Lima,Lima,Admixed
202203770003_R01C01,Lima21,Lima,Lima,Admixed
202203770003_R02C01,Lima22,Lima,Lima,Admixed
202203770003_R03C01,Lima23,Lima,Lima,Admixed
202203770003_R04C01,Lima24,Lima,Lima,Admixed
202203770003_R05C01,Lima25,Lima,Lima,Admixed
202203770003_R06C01,Lima26,Lima,Lima,Admixed
202203770003_R07C01,Lima27,Lima,Lima,Admixed
202203770003_R08C01,Lima28,Lima,Lima,Admixed
202203770006_R01C01,Lima29,Lima,Lima,Admixed
9967505046_R03C01,Lima3,Lima,Lima,Admixed
9967505046_R04C01,Lima4,Lima,Lima,Admixed
9967505046_R05C01,Lima5,Lima,Lima,Admixed
9967505046_R06C01,Lima6,Lima,Lima,Admixed
9967505046_R07C01,Lima7,Lima,Lima,Admixed
9967505046_R08C01,Lima8,Lima,Lima,Admixed
9967505040_R01C01,Lima9,Lima,Lima,Admixed
9967505109_R01C01,Matses1,Matses,Loreto,Native American
9967505132_R02C01,Matses10,Matses,Loreto,Native American
9967505132_R03C01,Matses11,Matses,Loreto,Native American
9967505109_R02C01,Matses2,Matses,Loreto,Native American
9967505109_R03C01,Matses3,Matses,Loreto,Native American
9967505109_R04C01,Matses4,Matses,Loreto,Native American
9967505109_R05C01,Matses5,Matses,Loreto,Native American
9967505109_R06C01,Matses6,Matses,Loreto,Native American
9967505109_R07C01,Matses7,Matses,Loreto,Native American
9967505109_R08C01,Matses8,Matses,Loreto,Native American
9967505132_R01C01,Matses9,Matses,Loreto,Native American
9967505132_R05C01,Matsiguenkas1,Matsiguenkas,Ucayali,Native American
9967505132_R07C01,Matsiguenkas2,Matsiguenkas,Ucayali,Native American
202158170039_R04C01,Matsiguenkas3,Matsiguenkas,Ucayali,Native American
9761326013_R01C01,Moche1,Moche,La Libertad,Native American
9761326014_R02C01,Moche10,Moche,La Libertad,Native American
9761326014_R03C01,Moche11,Moche,La Libertad,Native American
9761326014_R04C01,Moche12,Moche,La Libertad,Native American
9761326014_R05C01,Moche13,Moche,La Libertad,Native American
9761326014_R06C01,Moche14,Moche,La Libertad,Native American
9761326014_R07C01,Moche15,Moche,La Libertad,Native American
9761326014_R08C01,Moche16,Moche,La Libertad,Native American
202158170059_R03C01,Moche17,Moche,La Libertad,Native American
202158170059_R04C01,Moche18,Moche,La Libertad,Native American
202158170059_R05C01,Moche19,Moche,La Libertad,Native American
9761326013_R02C01,Moche2,Moche,La Libertad,Native American
202158170059_R06C01,Moche20,Moche,La Libertad,Native American
202158170059_R07C01,Moche21,Moche,La Libertad,Native American
202158170013_R04C01,Moche22,Moche,La Libertad,Native American
202158170013_R05C01,Moche23,Moche,La Libertad,Native American
202158170013_R06C01,Moche24,Moche,La Libertad,Native American
202158170013_R07C01,Moche25,Moche,La Libertad,Native American
202158170013_R08C01,Moche26,Moche,La Libertad,Native American
202158170055_R01C01,Moche27,Moche,La Libertad,Native American
202158170055_R02C01,Moche28,Moche,La Libertad,Native American
202158170055_R03C01,Moche29,Moche,La Libertad,Native American
9761326013_R03C01,Moche3,Moche,La Libertad,Native American
202158170055_R04C01,Moche30,Moche,La Libertad,Native American
202158170055_R05C01,Moche31,Moche,La Libertad,Native American
202158170055_R06C01,Moche32,Moche,La Libertad,Native American
202158170055_R07C01,Moche33,Moche,La Libertad,Native American
202158170055_R08C01,Moche34,Moche,La Libertad,Native American
202203770007_R01C01,Moche35,Moche,La Libertad,Native American
202203770007_R02C01,Moche36,Moche,La Libertad,Native American
202203770007_R03C01,Moche37,Moche,La Libertad,Native American
9761326013_R04C01,Moche4,Moche,La Libertad,Native American
9761326013_R05C01,Moche5,Moche,La Libertad,Native American
9761326013_R06C01,Moche6,Moche,La Libertad,Native American
9761326013_R07C01,Moche7,Moche,La Libertad,Native American
9761326013_R08C01,Moche8,Moche,La Libertad,Native American
9761326014_R01C01,Moche9,Moche,La Libertad,Native American
202203770025_R03C01,Moquegua1,Moquegua,Moquegua,Admixed
202158170030_R03C01,Moquegua10,Moquegua,Moquegua,Admixed
202158170030_R04C01,Moquegua11,Moquegua,Moquegua,Admixed
202158170030_R05C01,Moquegua12,Moquegua,Moquegua,Admixed
202158170030_R06C01,Moquegua13,Moquegua,Moquegua,Admixed
202158170030_R07C01,Moquegua14,Moquegua,Moquegua,Admixed
202158170030_R08C01,Moquegua15,Moquegua,Moquegua,Admixed
202158170060_R01C01,Moquegua16,Moquegua,Moquegua,Admixed
202158170060_R02C01,Moquegua17,Moquegua,Moquegua,Admixed
202158170060_R03C01,Moquegua18,Moquegua,Moquegua,Admixed
202158170060_R04C01,Moquegua19,Moquegua,Moquegua,Admixed
202203770025_R05C01,Moquegua2,Moquegua,Moquegua,Admixed
202158170060_R05C01,Moquegua20,Moquegua,Moquegua,Admixed
202158170060_R06C01,Moquegua21,Moquegua,Moquegua,Admixed
202158170060_R07C01,Moquegua22,Moquegua,Moquegua,Admixed
202158170060_R08C01,Moquegua23,Moquegua,Moquegua,Admixed
202114830016_R01C01,Moquegua24,Moquegua,Moquegua,Admixed
202114830016_R02C01,Moquegua25,Moquegua,Moquegua,Admixed
202114830016_R03C01,Moquegua26,Moquegua,Moquegua,Admixed
202114830016_R04C01,Moquegua27,Moquegua,Moquegua,Admixed
202114830016_R05C01,Moquegua28,Moquegua,Moquegua,Admixed
202114830016_R06C01,Moquegua29,Moquegua,Moquegua,Admixed
202203770031_R04C01,Moquegua3,Moquegua,Moquegua,Admixed
202114830016_R07C01,Moquegua30,Moquegua,Moquegua,Admixed
202114830016_R08C01,Moquegua31,Moquegua,Moquegua,Admixed
202114830056_R01C01,Moquegua32,Moquegua,Moquegua,Admixed
202114830056_R02C01,Moquegua33,Moquegua,Moquegua,Admixed
202203770031_R05C01,Moquegua4,Moquegua,Moquegua,Admixed
202203770031_R06C01,Moquegua5,Moquegua,Moquegua,Admixed
202203770031_R07C01,Moquegua6,Moquegua,Moquegua,Admixed
202203770031_R08C01,Moquegua7,Moquegua,Moquegua,Admixed
202158170030_R01C01,Moquegua8,Moquegua,Moquegua,Admixed
202158170030_R02C01,Moquegua9,Moquegua,Moquegua,Admixed
9967505132_R06C01,Nahua1,Nahua,Ucayali,Native American
9967505132_R08C01,Nahua2,Nahua,Ucayali,Native American
9902958132_R01C01,Puno1,Puno,Puno,Admixed
202158170031_R01C01,Puno10,Puno,Puno,Admixed
202158170031_R02C01,Puno11,Puno,Puno,Admixed
202158170031_R03C01,Puno12,Puno,Puno,Admixed
202158170031_R04C01,Puno13,Puno,Puno,Admixed
202158170031_R05C01,Puno14,Puno,Puno,Admixed
202158170031_R06C01,Puno15,Puno,Puno,Admixed
202158170031_R07C01,Puno16,Puno,Puno,Admixed
202203770032_R03C01,Puno17,Puno,Puno,Admixed
202203770032_R04C01,Puno18,Puno,Puno,Admixed
202203770032_R05C01,Puno19,Puno,Puno,Admixed
9902958132_R02C01,Puno2,Puno,Puno,Admixed
202203770032_R06C01,Puno20,Puno,Puno,Admixed
202203770032_R07C01,Puno21,Puno,Puno,Admixed
202203770032_R08C01,Puno22,Puno,Puno,Admixed
202203770012_R01C01,Puno23,Puno,Puno,Admixed
202203770012_R02C01,Puno24,Puno,Puno,Admixed
202203770012_R03C01,Puno25,Puno,Puno,Admixed
202203770012_R04C01,Puno26,Puno,Puno,Admixed
202203770012_R05C01,Puno27,Puno,Puno,Admixed
202203770012_R06C01,Puno28,Puno,Puno,Admixed
202203770012_R07C01,Puno29,Puno,Puno,Admixed
9902958132_R03C01,Puno3,Puno,Puno,Admixed
202203770012_R08C01,Puno30,Puno,Puno,Admixed
202203770026_R01C01,Puno31,Puno,Puno,Admixed
202203770026_R02C01,Puno32,Puno,Puno,Admixed
202203770026_R03C01,Puno33,Puno,Puno,Admixed
202203770026_R04C01,Puno34,Puno,Puno,Admixed
202203770026_R05C01,Puno35,Puno,Puno,Admixed
202203770026_R06C01,Puno36,Puno,Puno,Admixed
202203770026_R07C01,Puno37,Puno,Puno,Admixed
202203770026_R08C01,Puno38,Puno,Puno,Admixed
202158170011_R01C01,Puno39,Puno,Puno,Admixed
9902958132_R04C01,Puno4,Puno,Puno,Admixed
202158170011_R02C01,Puno40,Puno,Puno,Admixed
9902958132_R05C01,Puno5,Puno,Puno,Admixed
9902958132_R06C01,Puno6,Puno,Puno,Admixed
9902958132_R07C01,Puno7,Puno,Puno,Admixed
9902958132_R08C01,Puno8,Puno,Puno,Admixed
202158170012_R08C01,Puno9,Puno,Puno,Admixed
9903193035_R01C01,Qeros1,Qeros,Cusco,Native American
9902958120_R02C01,Qeros10,Qeros,Cusco,Native American
9902958120_R03C01,Qeros11,Qeros,Cusco,Native American
9902958120_R04C01,Qeros12,Qeros,Cusco,Native American
9903193035_R02C01,Qeros2,Qeros,Cusco,Native American
9903193035_R03C01,Qeros3,Qeros,Cusco,Native American
9903193035_R04C01,Qeros4,Qeros,Cusco,Native American
9903193035_R05C01,Qeros5,Qeros,Cusco,Native American
9903193035_R06C01,Qeros6,Qeros,Cusco,Native American
9903193035_R07C01,Qeros7,Qeros,Cusco,Native American
9903193035_R08C01,Qeros8,Qeros,Cusco,Native American
9902958120_R01C01,Qeros9,Qeros,Cusco,Native American
202158170040_R01C01,Shipibo1,Shipibo_INS,Ucayali,Native American
202158170038_R02C01,Shipibo10,Shipibo_INS,Ucayali,Native American
202158170038_R03C01,Shipibo11,Shipibo_INS,Ucayali,Native American
202158170038_R04C01,Shipibo12,Shipibo_INS,Ucayali,Native American
202158170038_R05C01,Shipibo13,Shipibo_INS,Ucayali,Native American
202158170038_R06C01,Shipibo14,Shipibo_INS,Ucayali,Native American
202158170038_R07C01,Shipibo15,Shipibo_INS,Ucayali,Native American
202158170038_R08C01,Shipibo16,Shipibo_INS,Ucayali,Native American
202158170040_R02C01,Shipibo2,Shipibo_INS,Ucayali,Native American
202158170040_R03C01,Shipibo3,Shipibo_INS,Ucayali,Native American
202158170040_R04C01,Shipibo4,Shipibo_INS,Ucayali,Native American
202158170040_R05C01,Shipibo5,Shipibo_INS,Ucayali,Native American
202158170040_R06C01,Shipibo6,Shipibo_INS,Ucayali,Native American
202158170040_R07C01,Shipibo7,Shipibo_INS,Ucayali,Native American
202158170040_R08C01,Shipibo8,Shipibo_INS,Ucayali,Native American
202158170038_R01C01,Shipibo9,Shipibo_INS,Ucayali,Native American
201125410031_R01C01,Tacna1,Tacna,Tacna,Admixed
201125410057_R02C01,Tacna10,Tacna,Tacna,Admixed
201125410057_R03C01,Tacna11,Tacna,Tacna,Admixed
201125410057_R04C01,Tacna12,Tacna,Tacna,Admixed
201125410057_R05C01,Tacna13,Tacna,Tacna,Admixed
201125410057_R06C01,Tacna14,Tacna,Tacna,Admixed
201125410057_R07C01,Tacna15,Tacna,Tacna,Admixed
201125410057_R08C01,Tacna16,Tacna,Tacna,Admixed
202203770033_R01C01,Tacna17,Tacna,Tacna,Admixed
202158170028_R02C01,Tacna18,Tacna,Tacna,Admixed
202158170028_R03C01,Tacna19,Tacna,Tacna,Admixed
201125410031_R02C01,Tacna2,Tacna,Tacna,Admixed
202158170028_R04C01,Tacna20,Tacna,Tacna,Admixed
202158170028_R05C01,Tacna21,Tacna,Tacna,Admixed
202158170028_R06C01,Tacna22,Tacna,Tacna,Admixed
202158170028_R07C01,Tacna23,Tacna,Tacna,Admixed
202158170028_R08C01,Tacna24,Tacna,Tacna,Admixed
202114830064_R01C01,Tacna25,Tacna,Tacna,Admixed
202114830064_R02C01,Tacna26,Tacna,Tacna,Admixed
202114830064_R03C01,Tacna27,Tacna,Tacna,Admixed
202114830064_R04C01,Tacna28,Tacna,Tacna,Admixed
202114830064_R05C01,Tacna29,Tacna,Tacna,Admixed
201125410031_R03C01,Tacna3,Tacna,Tacna,Admixed
202114830064_R06C01,Tacna30,Tacna,Tacna,Admixed
202114830064_R07C01,Tacna31,Tacna,Tacna,Admixed
201125410031_R04C01,Tacna4,Tacna,Tacna,Admixed
201125410031_R05C01,Tacna5,Tacna,Tacna,Admixed
201125410031_R06C01,Tacna6,Tacna,Tacna,Admixed
201125410031_R07C01,Tacna7,Tacna,Tacna,Admixed
201125410031_R08C01,Tacna8,Tacna,Tacna,Admixed
201125410057_R01C01,Tacna9,Tacna,Tacna,Admixed
201233790034_R01C01,Tallanes1,Tallanes,Piura,Native American
201233790008_R02C01,Tallanes10,Tallanes,Piura,Native American
201233790008_R03C01,Tallanes11,Tallanes,Piura,Native American
201233790008_R04C01,Tallanes12,Tallanes,Piura,Native American
201233790008_R05C01,Tallanes13,Tallanes,Piura,Native American
201233790008_R06C01,Tallanes14,Tallanes,Piura,Native American
201233790008_R07C01,Tallanes15,Tallanes,Piura,Native American
201233790008_R08C01,Tallanes16,Tallanes,Piura,Native American
202158170012_R01C01,Tallanes17,Tallanes,Piura,Native American
202158170012_R02C01,Tallanes18,Tallanes,Piura,Native American
202158170012_R03C01,Tallanes19,Tallanes,Piura,Native American
201233790034_R02C01,Tallanes2,Tallanes,Piura,Native American
202158170012_R04C01,Tallanes20,Tallanes,Piura,Native American
202158170012_R05C01,Tallanes21,Tallanes,Piura,Native American
202158170012_R06C01,Tallanes22,Tallanes,Piura,Native American
202158170012_R07C01,Tallanes23,Tallanes,Piura,Native American
202158170059_R08C01,Tallanes24,Tallanes,Piura,Native American
202114830056_R03C01,Tallanes25,Tallanes,Piura,Native American
202114830056_R04C01,Tallanes26,Tallanes,Piura,Native American
202114830056_R05C01,Tallanes27,Tallanes,Piura,Native American
202114830056_R06C01,Tallanes28,Tallanes,Piura,Native American
202114830056_R07C01,Tallanes29,Tallanes,Piura,Native American
201233790034_R03C01,Tallanes3,Tallanes,Piura,Native American
202114830056_R08C01,Tallanes30,Tallanes,Piura,Native American
202203770008_R01C01,Tallanes31,Tallanes,Piura,Native American
202203770008_R02C01,Tallanes32,Tallanes,Piura,Native American
202203770008_R03C01,Tallanes33,Tallanes,Piura,Native American
202203770008_R04C01,Tallanes34,Tallanes,Piura,Native American
202203770008_R05C01,Tallanes35,Tallanes,Piura,Native American
202203770008_R06C01,Tallanes36,Tallanes,Piura,Native American
202203770008_R07C01,Tallanes37,Tallanes,Piura,Native American
202203770008_R08C01,Tallanes38,Tallanes,Piura,Native American
202203770032_R01C01,Tallanes39,Tallanes,Piura,Native American
201233790034_R04C01,Tallanes4,Tallanes,Piura,Native American
202203770032_R02C01,Tallanes40,Tallanes,Piura,Native American
201233790034_R05C01,Tallanes5,Tallanes,Piura,Native American
201233790034_R06C01,Tallanes6,Tallanes,Piura,Native American
201233790034_R07C01,Tallanes7,Tallanes,Piura,Native American
201233790034_R08C01,Tallanes8,Tallanes,Piura,Native American
201233790008_R01C01,Tallanes9,Tallanes,Piura,Native American
9902958120_R07C01,Trujillo1,Trujillo,La Libertad,Admixed
9903193028_R02C01,Trujillo10,Trujillo,La Libertad,Admixed
9903193028_R03C01,Trujillo11,Trujillo,La Libertad,Admixed
9903193028_R04C01,Trujillo12,Trujillo,La Libertad,Admixed
9903193028_R05C01,Trujillo13,Trujillo,La Libertad,Admixed
9903193028_R06C01,Trujillo14,Trujillo,La Libertad,Admixed
9903193028_R07C01,Trujillo15,Trujillo,La Libertad,Admixed
9903193028_R08C01,Trujillo16,Trujillo,La Libertad,Admixed
202203770007_R04C01,Trujillo17,Trujillo,La Libertad,Admixed
202203770007_R05C01,Trujillo18,Trujillo,La Libertad,Admixed
202203770007_R06C01,Trujillo19,Trujillo,La Libertad,Admixed
9512704011_R01C01,Trujillo2,Trujillo,La Libertad,Admixed
202203770007_R07C01,Trujillo20,Trujillo,La Libertad,Admixed
202203770007_R08C01,Trujillo21,Trujillo,La Libertad,Admixed
202203770009_R01C01,Trujillo22,Trujillo,La Libertad,Admixed
202203770009_R02C01,Trujillo23,Trujillo,La Libertad,Admixed
202203770009_R03C01,Trujillo24,Trujillo,La Libertad,Admixed
202203770009_R04C01,Trujillo25,Trujillo,La Libertad,Admixed
202203770009_R05C01,Trujillo26,Trujillo,La Libertad,Admixed
202203770009_R06C01,Trujillo27,Trujillo,La Libertad,Admixed
202203770009_R07C01,Trujillo28,Trujillo,La Libertad,Admixed
202203770009_R08C01,Trujillo29,Trujillo,La Libertad,Admixed
9512704011_R02C01,Trujillo3,Trujillo,La Libertad,Admixed
202158170034_R01C01,Trujillo30,Trujillo,La Libertad,Admixed
9512704011_R03C01,Trujillo4,Trujillo,La Libertad,Admixed
9512704011_R04C01,Trujillo5,Trujillo,La Libertad,Admixed
9512704011_R05C01,Trujillo6,Trujillo,La Libertad,Admixed
9512704011_R06C01,Trujillo7,Trujillo,La Libertad,Admixed
9512704011_R07C01,Trujillo8,Trujillo,La Libertad,Admixed
9512704011_R08C01,Trujillo9,Trujillo,La Libertad,Admixed
202203770033_R02C01,Tumbes1,Tumbes,Tumbes,Admixed
202203770030_R03C01,Tumbes10,Tumbes,Tumbes,Admixed
202203770030_R04C01,Tumbes11,Tumbes,Tumbes,Admixed
202203770030_R05C01,Tumbes12,Tumbes,Tumbes,Admixed
202203770011_R01C01,Tumbes13,Tumbes,Tumbes,Admixed
202203770011_R02C01,Tumbes14,Tumbes,Tumbes,Admixed
202203770011_R03C01,Tumbes15,Tumbes,Tumbes,Admixed
202203770011_R04C01,Tumbes16,Tumbes,Tumbes,Admixed
202203770029_R01C01,Tumbes17,Tumbes,Tumbes,Admixed
202203770029_R02C01,Tumbes18,Tumbes,Tumbes,Admixed
202203770029_R03C01,Tumbes19,Tumbes,Tumbes,Admixed
202203770033_R03C01,Tumbes2,Tumbes,Tumbes,Admixed
202203770029_R04C01,Tumbes20,Tumbes,Tumbes,Admixed
202203770029_R05C01,Tumbes21,Tumbes,Tumbes,Admixed
202203770029_R06C01,Tumbes22,Tumbes,Tumbes,Admixed
202203770029_R07C01,Tumbes23,Tumbes,Tumbes,Admixed
202203770029_R08C01,Tumbes24,Tumbes,Tumbes,Admixed
202114830064_R08C01,Tumbes26,Tumbes,Tumbes,Admixed
202114830084_R01C01,Tumbes27,Tumbes,Tumbes,Admixed
202114830084_R02C01,Tumbes28,Tumbes,Tumbes,Admixed
202114830084_R03C01,Tumbes29,Tumbes,Tumbes,Admixed
202203770033_R04C01,Tumbes3,Tumbes,Tumbes,Admixed
202114830084_R04C01,Tumbes30,Tumbes,Tumbes,Admixed
202114830084_R05C01,Tumbes31,Tumbes,Tumbes,Admixed
202114830084_R06C01,Tumbes32,Tumbes,Tumbes,Admixed
202114830084_R07C01,Tumbes33,Tumbes,Tumbes,Admixed
202114830084_R08C01,Tumbes34,Tumbes,Tumbes,Admixed
202203770033_R05C01,Tumbes4,Tumbes,Tumbes,Admixed
202203770033_R06C01,Tumbes5,Tumbes,Tumbes,Admixed
202203770033_R07C01,Tumbes6,Tumbes,Tumbes,Admixed
202203770033_R08C01,Tumbes7,Tumbes,Tumbes,Admixed
202203770030_R01C01,Tumbes8,Tumbes,Tumbes,Admixed
202203770030_R02C01,Tumbes9,Tumbes,Tumbes,Admixed
9761326015_R01C01,Uros1,Uros,Puno,Native American
9761326040_R02C01,Uros10,Uros,Puno,Native American
9761326040_R03C01,Uros11,Uros,Puno,Native American
9761326040_R04C01,Uros12,Uros,Puno,Native American
9761326040_R05C01,Uros13,Uros,Puno,Native American
9761326040_R06C01,Uros14,Uros,Puno,Native American
9761326040_R07C01,Uros15,Uros,Puno,Native American
9761326040_R08C01,Uros16,Uros,Puno,Native American
202158170011_R03C01,Uros17,Uros,Puno,Native American
9761326015_R02C01,Uros2,Uros,Puno,Native American
9761326015_R03C01,Uros3,Uros,Puno,Native American
9761326015_R04C01,Uros4,Uros,Puno,Native American
9761326015_R05C01,Uros5,Uros,Puno,Native American
9761326015_R06C01,Uros6,Uros,Puno,Native American
9761326015_R07C01,Uros7,Uros,Puno,Native American
9761326015_R08C01,Uros8,Uros,Puno,Native American
9761326040_R01C01,Uros9,Uros,Puno,Native American